--
-- PostgreSQL database dump
--

\restrict 8trtu0NavecLcMcYxvrj7oey8zgeFA8zqbitIuYqHkEW6sPeIuAdH5hXv7aBgPp

-- Dumped from database version 14.21 (Homebrew)
-- Dumped by pg_dump version 14.21 (Homebrew)

SET statement_timeout = 0;
SET lock_timeout = 0;
SET idle_in_transaction_session_timeout = 0;
SET client_encoding = 'UTF8';
SET standard_conforming_strings = on;
SELECT pg_catalog.set_config('search_path', '', false);
SET check_function_bodies = false;
SET xmloption = content;
SET client_min_messages = warning;
SET row_security = off;

SET default_tablespace = '';

SET default_table_access_method = heap;

--
-- Name: api_game; Type: TABLE; Schema: public; Owner: chess_user
--

CREATE TABLE public.api_game (
    id bigint NOT NULL,
    status character varying(20) NOT NULL,
    result character varying(10),
    fen text NOT NULL,
    created_at timestamp with time zone NOT NULL,
    updated_at timestamp with time zone NOT NULL,
    black_player_id bigint NOT NULL,
    white_player_id bigint NOT NULL
);


ALTER TABLE public.api_game OWNER TO chess_user;

--
-- Name: api_game_id_seq; Type: SEQUENCE; Schema: public; Owner: chess_user
--

ALTER TABLE public.api_game ALTER COLUMN id ADD GENERATED BY DEFAULT AS IDENTITY (
    SEQUENCE NAME public.api_game_id_seq
    START WITH 1
    INCREMENT BY 1
    NO MINVALUE
    NO MAXVALUE
    CACHE 1
);


--
-- Name: api_message; Type: TABLE; Schema: public; Owner: chess_user
--

CREATE TABLE public.api_message (
    id bigint NOT NULL,
    content text NOT NULL,
    sent_at timestamp with time zone NOT NULL,
    game_id bigint NOT NULL,
    sender_id bigint NOT NULL
);


ALTER TABLE public.api_message OWNER TO chess_user;

--
-- Name: api_message_id_seq; Type: SEQUENCE; Schema: public; Owner: chess_user
--

ALTER TABLE public.api_message ALTER COLUMN id ADD GENERATED BY DEFAULT AS IDENTITY (
    SEQUENCE NAME public.api_message_id_seq
    START WITH 1
    INCREMENT BY 1
    NO MINVALUE
    NO MAXVALUE
    CACHE 1
);


--
-- Name: api_move; Type: TABLE; Schema: public; Owner: chess_user
--

CREATE TABLE public.api_move (
    id bigint NOT NULL,
    move_number integer NOT NULL,
    from_square character varying(5) NOT NULL,
    to_square character varying(5) NOT NULL,
    san character varying(20) NOT NULL,
    played_at timestamp with time zone NOT NULL,
    game_id bigint NOT NULL
);


ALTER TABLE public.api_move OWNER TO chess_user;

--
-- Name: api_move_id_seq; Type: SEQUENCE; Schema: public; Owner: chess_user
--

ALTER TABLE public.api_move ALTER COLUMN id ADD GENERATED BY DEFAULT AS IDENTITY (
    SEQUENCE NAME public.api_move_id_seq
    START WITH 1
    INCREMENT BY 1
    NO MINVALUE
    NO MAXVALUE
    CACHE 1
);


--
-- Name: api_user; Type: TABLE; Schema: public; Owner: chess_user
--

CREATE TABLE public.api_user (
    id bigint NOT NULL,
    name character varying(150) NOT NULL,
    email character varying(254) NOT NULL,
    password character varying(128) NOT NULL,
    age integer NOT NULL,
    date_joined timestamp with time zone NOT NULL,
    is_active boolean NOT NULL,
    is_staff boolean NOT NULL,
    is_superuser boolean NOT NULL,
    last_login timestamp with time zone,
    rating integer NOT NULL
);


ALTER TABLE public.api_user OWNER TO chess_user;

--
-- Name: api_user_groups; Type: TABLE; Schema: public; Owner: chess_user
--

CREATE TABLE public.api_user_groups (
    id bigint NOT NULL,
    user_id bigint NOT NULL,
    group_id integer NOT NULL
);


ALTER TABLE public.api_user_groups OWNER TO chess_user;

--
-- Name: api_user_groups_id_seq; Type: SEQUENCE; Schema: public; Owner: chess_user
--

ALTER TABLE public.api_user_groups ALTER COLUMN id ADD GENERATED BY DEFAULT AS IDENTITY (
    SEQUENCE NAME public.api_user_groups_id_seq
    START WITH 1
    INCREMENT BY 1
    NO MINVALUE
    NO MAXVALUE
    CACHE 1
);


--
-- Name: api_user_id_seq; Type: SEQUENCE; Schema: public; Owner: chess_user
--

ALTER TABLE public.api_user ALTER COLUMN id ADD GENERATED BY DEFAULT AS IDENTITY (
    SEQUENCE NAME public.api_user_id_seq
    START WITH 1
    INCREMENT BY 1
    NO MINVALUE
    NO MAXVALUE
    CACHE 1
);


--
-- Name: api_user_user_permissions; Type: TABLE; Schema: public; Owner: chess_user
--

CREATE TABLE public.api_user_user_permissions (
    id bigint NOT NULL,
    user_id bigint NOT NULL,
    permission_id integer NOT NULL
);


ALTER TABLE public.api_user_user_permissions OWNER TO chess_user;

--
-- Name: api_user_user_permissions_id_seq; Type: SEQUENCE; Schema: public; Owner: chess_user
--

ALTER TABLE public.api_user_user_permissions ALTER COLUMN id ADD GENERATED BY DEFAULT AS IDENTITY (
    SEQUENCE NAME public.api_user_user_permissions_id_seq
    START WITH 1
    INCREMENT BY 1
    NO MINVALUE
    NO MAXVALUE
    CACHE 1
);


--
-- Name: auth_group; Type: TABLE; Schema: public; Owner: chess_user
--

CREATE TABLE public.auth_group (
    id integer NOT NULL,
    name character varying(150) NOT NULL
);


ALTER TABLE public.auth_group OWNER TO chess_user;

--
-- Name: auth_group_id_seq; Type: SEQUENCE; Schema: public; Owner: chess_user
--

ALTER TABLE public.auth_group ALTER COLUMN id ADD GENERATED BY DEFAULT AS IDENTITY (
    SEQUENCE NAME public.auth_group_id_seq
    START WITH 1
    INCREMENT BY 1
    NO MINVALUE
    NO MAXVALUE
    CACHE 1
);


--
-- Name: auth_group_permissions; Type: TABLE; Schema: public; Owner: chess_user
--

CREATE TABLE public.auth_group_permissions (
    id bigint NOT NULL,
    group_id integer NOT NULL,
    permission_id integer NOT NULL
);


ALTER TABLE public.auth_group_permissions OWNER TO chess_user;

--
-- Name: auth_group_permissions_id_seq; Type: SEQUENCE; Schema: public; Owner: chess_user
--

ALTER TABLE public.auth_group_permissions ALTER COLUMN id ADD GENERATED BY DEFAULT AS IDENTITY (
    SEQUENCE NAME public.auth_group_permissions_id_seq
    START WITH 1
    INCREMENT BY 1
    NO MINVALUE
    NO MAXVALUE
    CACHE 1
);


--
-- Name: auth_permission; Type: TABLE; Schema: public; Owner: chess_user
--

CREATE TABLE public.auth_permission (
    id integer NOT NULL,
    name character varying(255) NOT NULL,
    content_type_id integer NOT NULL,
    codename character varying(100) NOT NULL
);


ALTER TABLE public.auth_permission OWNER TO chess_user;

--
-- Name: auth_permission_id_seq; Type: SEQUENCE; Schema: public; Owner: chess_user
--

ALTER TABLE public.auth_permission ALTER COLUMN id ADD GENERATED BY DEFAULT AS IDENTITY (
    SEQUENCE NAME public.auth_permission_id_seq
    START WITH 1
    INCREMENT BY 1
    NO MINVALUE
    NO MAXVALUE
    CACHE 1
);


--
-- Name: django_admin_log; Type: TABLE; Schema: public; Owner: chess_user
--

CREATE TABLE public.django_admin_log (
    id integer NOT NULL,
    action_time timestamp with time zone NOT NULL,
    object_id text,
    object_repr character varying(200) NOT NULL,
    action_flag smallint NOT NULL,
    change_message text NOT NULL,
    content_type_id integer,
    user_id bigint NOT NULL,
    CONSTRAINT django_admin_log_action_flag_check CHECK ((action_flag >= 0))
);


ALTER TABLE public.django_admin_log OWNER TO chess_user;

--
-- Name: django_admin_log_id_seq; Type: SEQUENCE; Schema: public; Owner: chess_user
--

ALTER TABLE public.django_admin_log ALTER COLUMN id ADD GENERATED BY DEFAULT AS IDENTITY (
    SEQUENCE NAME public.django_admin_log_id_seq
    START WITH 1
    INCREMENT BY 1
    NO MINVALUE
    NO MAXVALUE
    CACHE 1
);


--
-- Name: django_content_type; Type: TABLE; Schema: public; Owner: chess_user
--

CREATE TABLE public.django_content_type (
    id integer NOT NULL,
    app_label character varying(100) NOT NULL,
    model character varying(100) NOT NULL
);


ALTER TABLE public.django_content_type OWNER TO chess_user;

--
-- Name: django_content_type_id_seq; Type: SEQUENCE; Schema: public; Owner: chess_user
--

ALTER TABLE public.django_content_type ALTER COLUMN id ADD GENERATED BY DEFAULT AS IDENTITY (
    SEQUENCE NAME public.django_content_type_id_seq
    START WITH 1
    INCREMENT BY 1
    NO MINVALUE
    NO MAXVALUE
    CACHE 1
);


--
-- Name: django_migrations; Type: TABLE; Schema: public; Owner: chess_user
--

CREATE TABLE public.django_migrations (
    id bigint NOT NULL,
    app character varying(255) NOT NULL,
    name character varying(255) NOT NULL,
    applied timestamp with time zone NOT NULL
);


ALTER TABLE public.django_migrations OWNER TO chess_user;

--
-- Name: django_migrations_id_seq; Type: SEQUENCE; Schema: public; Owner: chess_user
--

ALTER TABLE public.django_migrations ALTER COLUMN id ADD GENERATED BY DEFAULT AS IDENTITY (
    SEQUENCE NAME public.django_migrations_id_seq
    START WITH 1
    INCREMENT BY 1
    NO MINVALUE
    NO MAXVALUE
    CACHE 1
);


--
-- Name: django_session; Type: TABLE; Schema: public; Owner: chess_user
--

CREATE TABLE public.django_session (
    session_key character varying(40) NOT NULL,
    session_data text NOT NULL,
    expire_date timestamp with time zone NOT NULL
);


ALTER TABLE public.django_session OWNER TO chess_user;

--
-- Data for Name: api_game; Type: TABLE DATA; Schema: public; Owner: chess_user
--

COPY public.api_game (id, status, result, fen, created_at, updated_at, black_player_id, white_player_id) FROM stdin;
\.


--
-- Data for Name: api_message; Type: TABLE DATA; Schema: public; Owner: chess_user
--

COPY public.api_message (id, content, sent_at, game_id, sender_id) FROM stdin;
\.


--
-- Data for Name: api_move; Type: TABLE DATA; Schema: public; Owner: chess_user
--

COPY public.api_move (id, move_number, from_square, to_square, san, played_at, game_id) FROM stdin;
\.


--
-- Data for Name: api_user; Type: TABLE DATA; Schema: public; Owner: chess_user
--

COPY public.api_user (id, name, email, password, age, date_joined, is_active, is_staff, is_superuser, last_login, rating) FROM stdin;
1	yvan	ivan.gratsov@gmail.com	pbkdf2_sha256$1200000$z3v0JQpqeCwJf7nzBBIfwO$f0R9AqUtiUzK7FkK+fQMNHsevV/e188hCxXviamunF0=	18	2026-02-16 11:14:14.485026+02	t	t	t	\N	1200
2	ivan	gratsov.ivan@gmail.com	pbkdf2_sha256$1200000$1X2KWt0hDJpmjBHNPfNer7$WavGkDxWN/x7Hq7wB65S7A+BWJNtoTeSHXJgjArUcv8=	19	2026-02-16 11:19:42.476772+02	t	t	t	2026-02-16 11:21:08.767661+02	1200
\.


--
-- Data for Name: api_user_groups; Type: TABLE DATA; Schema: public; Owner: chess_user
--

COPY public.api_user_groups (id, user_id, group_id) FROM stdin;
\.


--
-- Data for Name: api_user_user_permissions; Type: TABLE DATA; Schema: public; Owner: chess_user
--

COPY public.api_user_user_permissions (id, user_id, permission_id) FROM stdin;
\.


--
-- Data for Name: auth_group; Type: TABLE DATA; Schema: public; Owner: chess_user
--

COPY public.auth_group (id, name) FROM stdin;
\.


--
-- Data for Name: auth_group_permissions; Type: TABLE DATA; Schema: public; Owner: chess_user
--

COPY public.auth_group_permissions (id, group_id, permission_id) FROM stdin;
\.


--
-- Data for Name: auth_permission; Type: TABLE DATA; Schema: public; Owner: chess_user
--

COPY public.auth_permission (id, name, content_type_id, codename) FROM stdin;
1	Can add log entry	1	add_logentry
2	Can change log entry	1	change_logentry
3	Can delete log entry	1	delete_logentry
4	Can view log entry	1	view_logentry
5	Can add permission	3	add_permission
6	Can change permission	3	change_permission
7	Can delete permission	3	delete_permission
8	Can view permission	3	view_permission
9	Can add group	2	add_group
10	Can change group	2	change_group
11	Can delete group	2	delete_group
12	Can view group	2	view_group
13	Can add content type	4	add_contenttype
14	Can change content type	4	change_contenttype
15	Can delete content type	4	delete_contenttype
16	Can view content type	4	view_contenttype
17	Can add session	5	add_session
18	Can change session	5	change_session
19	Can delete session	5	delete_session
20	Can view session	5	view_session
21	Can add user	9	add_user
22	Can change user	9	change_user
23	Can delete user	9	delete_user
24	Can view user	9	view_user
25	Can add game	6	add_game
26	Can change game	6	change_game
27	Can delete game	6	delete_game
28	Can view game	6	view_game
29	Can add message	7	add_message
30	Can change message	7	change_message
31	Can delete message	7	delete_message
32	Can view message	7	view_message
33	Can add move	8	add_move
34	Can change move	8	change_move
35	Can delete move	8	delete_move
36	Can view move	8	view_move
\.


--
-- Data for Name: django_admin_log; Type: TABLE DATA; Schema: public; Owner: chess_user
--

COPY public.django_admin_log (id, action_time, object_id, object_repr, action_flag, change_message, content_type_id, user_id) FROM stdin;
\.


--
-- Data for Name: django_content_type; Type: TABLE DATA; Schema: public; Owner: chess_user
--

COPY public.django_content_type (id, app_label, model) FROM stdin;
1	admin	logentry
2	auth	group
3	auth	permission
4	contenttypes	contenttype
5	sessions	session
6	api	game
7	api	message
8	api	move
9	api	user
\.


--
-- Data for Name: django_migrations; Type: TABLE DATA; Schema: public; Owner: chess_user
--

COPY public.django_migrations (id, app, name, applied) FROM stdin;
1	contenttypes	0001_initial	2026-02-16 11:09:12.746261+02
2	api	0001_initial	2026-02-16 11:09:12.756189+02
3	admin	0001_initial	2026-02-16 11:09:12.771179+02
4	admin	0002_logentry_remove_auto_add	2026-02-16 11:09:12.772994+02
5	admin	0003_logentry_add_action_flag_choices	2026-02-16 11:09:12.774671+02
6	contenttypes	0002_remove_content_type_name	2026-02-16 11:09:12.78238+02
7	auth	0001_initial	2026-02-16 11:09:12.801993+02
8	auth	0002_alter_permission_name_max_length	2026-02-16 11:09:12.80516+02
9	auth	0003_alter_user_email_max_length	2026-02-16 11:09:12.807178+02
10	auth	0004_alter_user_username_opts	2026-02-16 11:09:12.809277+02
11	auth	0005_alter_user_last_login_null	2026-02-16 11:09:12.811332+02
12	auth	0006_require_contenttypes_0002	2026-02-16 11:09:12.812149+02
13	auth	0007_alter_validators_add_error_messages	2026-02-16 11:09:12.814258+02
14	auth	0008_alter_user_username_max_length	2026-02-16 11:09:12.816363+02
15	auth	0009_alter_user_last_name_max_length	2026-02-16 11:09:12.818277+02
16	auth	0010_alter_group_name_max_length	2026-02-16 11:09:12.822129+02
17	auth	0011_update_proxy_permissions	2026-02-16 11:09:12.824953+02
18	auth	0012_alter_user_first_name_max_length	2026-02-16 11:09:12.827024+02
19	api	0002_user_date_joined_user_groups_user_is_active_and_more	2026-02-16 11:09:12.878842+02
20	api	0003_user_rating_game_message_move	2026-02-16 11:09:12.91346+02
21	sessions	0001_initial	2026-02-16 11:09:12.921185+02
\.


--
-- Data for Name: django_session; Type: TABLE DATA; Schema: public; Owner: chess_user
--

COPY public.django_session (session_key, session_data, expire_date) FROM stdin;
9oq701okaq0jz7s2r5eg0gq8tybv3gk8	.eJxVjEEOwiAQRe_C2pDOgBBcuvcMZIYBqRqalHZlvLtt0oVu_3v_vVWkdalx7XmOo6iLQnX63ZjSM7cdyIPafdJpass8st4VfdCub5Pk1_Vw_wKVet3eiRyyo1QKMcDgpGQQj4MPBnDLoGMh44onkz1aDkzn5MFZALZggvp8AQtmOD4:1vrumy:RArFZ4CEVJ5V2hvyVj1jeAR1ko-bA6pcCpoF7RA1phM	2026-03-02 11:21:08.769752+02
\.


--
-- Name: api_game_id_seq; Type: SEQUENCE SET; Schema: public; Owner: chess_user
--

SELECT pg_catalog.setval('public.api_game_id_seq', 1, false);


--
-- Name: api_message_id_seq; Type: SEQUENCE SET; Schema: public; Owner: chess_user
--

SELECT pg_catalog.setval('public.api_message_id_seq', 1, false);


--
-- Name: api_move_id_seq; Type: SEQUENCE SET; Schema: public; Owner: chess_user
--

SELECT pg_catalog.setval('public.api_move_id_seq', 1, false);


--
-- Name: api_user_groups_id_seq; Type: SEQUENCE SET; Schema: public; Owner: chess_user
--

SELECT pg_catalog.setval('public.api_user_groups_id_seq', 1, false);


--
-- Name: api_user_id_seq; Type: SEQUENCE SET; Schema: public; Owner: chess_user
--

SELECT pg_catalog.setval('public.api_user_id_seq', 2, true);


--
-- Name: api_user_user_permissions_id_seq; Type: SEQUENCE SET; Schema: public; Owner: chess_user
--

SELECT pg_catalog.setval('public.api_user_user_permissions_id_seq', 1, false);


--
-- Name: auth_group_id_seq; Type: SEQUENCE SET; Schema: public; Owner: chess_user
--

SELECT pg_catalog.setval('public.auth_group_id_seq', 1, false);


--
-- Name: auth_group_permissions_id_seq; Type: SEQUENCE SET; Schema: public; Owner: chess_user
--

SELECT pg_catalog.setval('public.auth_group_permissions_id_seq', 1, false);


--
-- Name: auth_permission_id_seq; Type: SEQUENCE SET; Schema: public; Owner: chess_user
--

SELECT pg_catalog.setval('public.auth_permission_id_seq', 36, true);


--
-- Name: django_admin_log_id_seq; Type: SEQUENCE SET; Schema: public; Owner: chess_user
--

SELECT pg_catalog.setval('public.django_admin_log_id_seq', 1, false);


--
-- Name: django_content_type_id_seq; Type: SEQUENCE SET; Schema: public; Owner: chess_user
--

SELECT pg_catalog.setval('public.django_content_type_id_seq', 9, true);


--
-- Name: django_migrations_id_seq; Type: SEQUENCE SET; Schema: public; Owner: chess_user
--

SELECT pg_catalog.setval('public.django_migrations_id_seq', 21, true);


--
-- Name: api_game api_game_pkey; Type: CONSTRAINT; Schema: public; Owner: chess_user
--

ALTER TABLE ONLY public.api_game
    ADD CONSTRAINT api_game_pkey PRIMARY KEY (id);


--
-- Name: api_message api_message_pkey; Type: CONSTRAINT; Schema: public; Owner: chess_user
--

ALTER TABLE ONLY public.api_message
    ADD CONSTRAINT api_message_pkey PRIMARY KEY (id);


--
-- Name: api_move api_move_pkey; Type: CONSTRAINT; Schema: public; Owner: chess_user
--

ALTER TABLE ONLY public.api_move
    ADD CONSTRAINT api_move_pkey PRIMARY KEY (id);


--
-- Name: api_user api_user_email_key; Type: CONSTRAINT; Schema: public; Owner: chess_user
--

ALTER TABLE ONLY public.api_user
    ADD CONSTRAINT api_user_email_key UNIQUE (email);


--
-- Name: api_user_groups api_user_groups_pkey; Type: CONSTRAINT; Schema: public; Owner: chess_user
--

ALTER TABLE ONLY public.api_user_groups
    ADD CONSTRAINT api_user_groups_pkey PRIMARY KEY (id);


--
-- Name: api_user_groups api_user_groups_user_id_group_id_9c7ddfb5_uniq; Type: CONSTRAINT; Schema: public; Owner: chess_user
--

ALTER TABLE ONLY public.api_user_groups
    ADD CONSTRAINT api_user_groups_user_id_group_id_9c7ddfb5_uniq UNIQUE (user_id, group_id);


--
-- Name: api_user api_user_pkey; Type: CONSTRAINT; Schema: public; Owner: chess_user
--

ALTER TABLE ONLY public.api_user
    ADD CONSTRAINT api_user_pkey PRIMARY KEY (id);


--
-- Name: api_user_user_permissions api_user_user_permissions_pkey; Type: CONSTRAINT; Schema: public; Owner: chess_user
--

ALTER TABLE ONLY public.api_user_user_permissions
    ADD CONSTRAINT api_user_user_permissions_pkey PRIMARY KEY (id);


--
-- Name: api_user_user_permissions api_user_user_permissions_user_id_permission_id_a06dd704_uniq; Type: CONSTRAINT; Schema: public; Owner: chess_user
--

ALTER TABLE ONLY public.api_user_user_permissions
    ADD CONSTRAINT api_user_user_permissions_user_id_permission_id_a06dd704_uniq UNIQUE (user_id, permission_id);


--
-- Name: auth_group auth_group_name_key; Type: CONSTRAINT; Schema: public; Owner: chess_user
--

ALTER TABLE ONLY public.auth_group
    ADD CONSTRAINT auth_group_name_key UNIQUE (name);


--
-- Name: auth_group_permissions auth_group_permissions_group_id_permission_id_0cd325b0_uniq; Type: CONSTRAINT; Schema: public; Owner: chess_user
--

ALTER TABLE ONLY public.auth_group_permissions
    ADD CONSTRAINT auth_group_permissions_group_id_permission_id_0cd325b0_uniq UNIQUE (group_id, permission_id);


--
-- Name: auth_group_permissions auth_group_permissions_pkey; Type: CONSTRAINT; Schema: public; Owner: chess_user
--

ALTER TABLE ONLY public.auth_group_permissions
    ADD CONSTRAINT auth_group_permissions_pkey PRIMARY KEY (id);


--
-- Name: auth_group auth_group_pkey; Type: CONSTRAINT; Schema: public; Owner: chess_user
--

ALTER TABLE ONLY public.auth_group
    ADD CONSTRAINT auth_group_pkey PRIMARY KEY (id);


--
-- Name: auth_permission auth_permission_content_type_id_codename_01ab375a_uniq; Type: CONSTRAINT; Schema: public; Owner: chess_user
--

ALTER TABLE ONLY public.auth_permission
    ADD CONSTRAINT auth_permission_content_type_id_codename_01ab375a_uniq UNIQUE (content_type_id, codename);


--
-- Name: auth_permission auth_permission_pkey; Type: CONSTRAINT; Schema: public; Owner: chess_user
--

ALTER TABLE ONLY public.auth_permission
    ADD CONSTRAINT auth_permission_pkey PRIMARY KEY (id);


--
-- Name: django_admin_log django_admin_log_pkey; Type: CONSTRAINT; Schema: public; Owner: chess_user
--

ALTER TABLE ONLY public.django_admin_log
    ADD CONSTRAINT django_admin_log_pkey PRIMARY KEY (id);


--
-- Name: django_content_type django_content_type_app_label_model_76bd3d3b_uniq; Type: CONSTRAINT; Schema: public; Owner: chess_user
--

ALTER TABLE ONLY public.django_content_type
    ADD CONSTRAINT django_content_type_app_label_model_76bd3d3b_uniq UNIQUE (app_label, model);


--
-- Name: django_content_type django_content_type_pkey; Type: CONSTRAINT; Schema: public; Owner: chess_user
--

ALTER TABLE ONLY public.django_content_type
    ADD CONSTRAINT django_content_type_pkey PRIMARY KEY (id);


--
-- Name: django_migrations django_migrations_pkey; Type: CONSTRAINT; Schema: public; Owner: chess_user
--

ALTER TABLE ONLY public.django_migrations
    ADD CONSTRAINT django_migrations_pkey PRIMARY KEY (id);


--
-- Name: django_session django_session_pkey; Type: CONSTRAINT; Schema: public; Owner: chess_user
--

ALTER TABLE ONLY public.django_session
    ADD CONSTRAINT django_session_pkey PRIMARY KEY (session_key);


--
-- Name: api_game_black_player_id_0d714372; Type: INDEX; Schema: public; Owner: chess_user
--

CREATE INDEX api_game_black_player_id_0d714372 ON public.api_game USING btree (black_player_id);


--
-- Name: api_game_white_player_id_de198d6e; Type: INDEX; Schema: public; Owner: chess_user
--

CREATE INDEX api_game_white_player_id_de198d6e ON public.api_game USING btree (white_player_id);


--
-- Name: api_message_game_id_d5d6e0c2; Type: INDEX; Schema: public; Owner: chess_user
--

CREATE INDEX api_message_game_id_d5d6e0c2 ON public.api_message USING btree (game_id);


--
-- Name: api_message_sender_id_fa6d8ff2; Type: INDEX; Schema: public; Owner: chess_user
--

CREATE INDEX api_message_sender_id_fa6d8ff2 ON public.api_message USING btree (sender_id);


--
-- Name: api_move_game_id_9dd47f09; Type: INDEX; Schema: public; Owner: chess_user
--

CREATE INDEX api_move_game_id_9dd47f09 ON public.api_move USING btree (game_id);


--
-- Name: api_user_email_9ef5afa6_like; Type: INDEX; Schema: public; Owner: chess_user
--

CREATE INDEX api_user_email_9ef5afa6_like ON public.api_user USING btree (email varchar_pattern_ops);


--
-- Name: api_user_groups_group_id_3af85785; Type: INDEX; Schema: public; Owner: chess_user
--

CREATE INDEX api_user_groups_group_id_3af85785 ON public.api_user_groups USING btree (group_id);


--
-- Name: api_user_groups_user_id_a5ff39fa; Type: INDEX; Schema: public; Owner: chess_user
--

CREATE INDEX api_user_groups_user_id_a5ff39fa ON public.api_user_groups USING btree (user_id);


--
-- Name: api_user_user_permissions_permission_id_305b7fea; Type: INDEX; Schema: public; Owner: chess_user
--

CREATE INDEX api_user_user_permissions_permission_id_305b7fea ON public.api_user_user_permissions USING btree (permission_id);


--
-- Name: api_user_user_permissions_user_id_f3945d65; Type: INDEX; Schema: public; Owner: chess_user
--

CREATE INDEX api_user_user_permissions_user_id_f3945d65 ON public.api_user_user_permissions USING btree (user_id);


--
-- Name: auth_group_name_a6ea08ec_like; Type: INDEX; Schema: public; Owner: chess_user
--

CREATE INDEX auth_group_name_a6ea08ec_like ON public.auth_group USING btree (name varchar_pattern_ops);


--
-- Name: auth_group_permissions_group_id_b120cbf9; Type: INDEX; Schema: public; Owner: chess_user
--

CREATE INDEX auth_group_permissions_group_id_b120cbf9 ON public.auth_group_permissions USING btree (group_id);


--
-- Name: auth_group_permissions_permission_id_84c5c92e; Type: INDEX; Schema: public; Owner: chess_user
--

CREATE INDEX auth_group_permissions_permission_id_84c5c92e ON public.auth_group_permissions USING btree (permission_id);


--
-- Name: auth_permission_content_type_id_2f476e4b; Type: INDEX; Schema: public; Owner: chess_user
--

CREATE INDEX auth_permission_content_type_id_2f476e4b ON public.auth_permission USING btree (content_type_id);


--
-- Name: django_admin_log_content_type_id_c4bce8eb; Type: INDEX; Schema: public; Owner: chess_user
--

CREATE INDEX django_admin_log_content_type_id_c4bce8eb ON public.django_admin_log USING btree (content_type_id);


--
-- Name: django_admin_log_user_id_c564eba6; Type: INDEX; Schema: public; Owner: chess_user
--

CREATE INDEX django_admin_log_user_id_c564eba6 ON public.django_admin_log USING btree (user_id);


--
-- Name: django_session_expire_date_a5c62663; Type: INDEX; Schema: public; Owner: chess_user
--

CREATE INDEX django_session_expire_date_a5c62663 ON public.django_session USING btree (expire_date);


--
-- Name: django_session_session_key_c0390e0f_like; Type: INDEX; Schema: public; Owner: chess_user
--

CREATE INDEX django_session_session_key_c0390e0f_like ON public.django_session USING btree (session_key varchar_pattern_ops);


--
-- Name: api_game api_game_black_player_id_0d714372_fk_api_user_id; Type: FK CONSTRAINT; Schema: public; Owner: chess_user
--

ALTER TABLE ONLY public.api_game
    ADD CONSTRAINT api_game_black_player_id_0d714372_fk_api_user_id FOREIGN KEY (black_player_id) REFERENCES public.api_user(id) DEFERRABLE INITIALLY DEFERRED;


--
-- Name: api_game api_game_white_player_id_de198d6e_fk_api_user_id; Type: FK CONSTRAINT; Schema: public; Owner: chess_user
--

ALTER TABLE ONLY public.api_game
    ADD CONSTRAINT api_game_white_player_id_de198d6e_fk_api_user_id FOREIGN KEY (white_player_id) REFERENCES public.api_user(id) DEFERRABLE INITIALLY DEFERRED;


--
-- Name: api_message api_message_game_id_d5d6e0c2_fk_api_game_id; Type: FK CONSTRAINT; Schema: public; Owner: chess_user
--

ALTER TABLE ONLY public.api_message
    ADD CONSTRAINT api_message_game_id_d5d6e0c2_fk_api_game_id FOREIGN KEY (game_id) REFERENCES public.api_game(id) DEFERRABLE INITIALLY DEFERRED;


--
-- Name: api_message api_message_sender_id_fa6d8ff2_fk_api_user_id; Type: FK CONSTRAINT; Schema: public; Owner: chess_user
--

ALTER TABLE ONLY public.api_message
    ADD CONSTRAINT api_message_sender_id_fa6d8ff2_fk_api_user_id FOREIGN KEY (sender_id) REFERENCES public.api_user(id) DEFERRABLE INITIALLY DEFERRED;


--
-- Name: api_move api_move_game_id_9dd47f09_fk_api_game_id; Type: FK CONSTRAINT; Schema: public; Owner: chess_user
--

ALTER TABLE ONLY public.api_move
    ADD CONSTRAINT api_move_game_id_9dd47f09_fk_api_game_id FOREIGN KEY (game_id) REFERENCES public.api_game(id) DEFERRABLE INITIALLY DEFERRED;


--
-- Name: api_user_groups api_user_groups_group_id_3af85785_fk_auth_group_id; Type: FK CONSTRAINT; Schema: public; Owner: chess_user
--

ALTER TABLE ONLY public.api_user_groups
    ADD CONSTRAINT api_user_groups_group_id_3af85785_fk_auth_group_id FOREIGN KEY (group_id) REFERENCES public.auth_group(id) DEFERRABLE INITIALLY DEFERRED;


--
-- Name: api_user_groups api_user_groups_user_id_a5ff39fa_fk_api_user_id; Type: FK CONSTRAINT; Schema: public; Owner: chess_user
--

ALTER TABLE ONLY public.api_user_groups
    ADD CONSTRAINT api_user_groups_user_id_a5ff39fa_fk_api_user_id FOREIGN KEY (user_id) REFERENCES public.api_user(id) DEFERRABLE INITIALLY DEFERRED;


--
-- Name: api_user_user_permissions api_user_user_permis_permission_id_305b7fea_fk_auth_perm; Type: FK CONSTRAINT; Schema: public; Owner: chess_user
--

ALTER TABLE ONLY public.api_user_user_permissions
    ADD CONSTRAINT api_user_user_permis_permission_id_305b7fea_fk_auth_perm FOREIGN KEY (permission_id) REFERENCES public.auth_permission(id) DEFERRABLE INITIALLY DEFERRED;


--
-- Name: api_user_user_permissions api_user_user_permissions_user_id_f3945d65_fk_api_user_id; Type: FK CONSTRAINT; Schema: public; Owner: chess_user
--

ALTER TABLE ONLY public.api_user_user_permissions
    ADD CONSTRAINT api_user_user_permissions_user_id_f3945d65_fk_api_user_id FOREIGN KEY (user_id) REFERENCES public.api_user(id) DEFERRABLE INITIALLY DEFERRED;


--
-- Name: auth_group_permissions auth_group_permissio_permission_id_84c5c92e_fk_auth_perm; Type: FK CONSTRAINT; Schema: public; Owner: chess_user
--

ALTER TABLE ONLY public.auth_group_permissions
    ADD CONSTRAINT auth_group_permissio_permission_id_84c5c92e_fk_auth_perm FOREIGN KEY (permission_id) REFERENCES public.auth_permission(id) DEFERRABLE INITIALLY DEFERRED;


--
-- Name: auth_group_permissions auth_group_permissions_group_id_b120cbf9_fk_auth_group_id; Type: FK CONSTRAINT; Schema: public; Owner: chess_user
--

ALTER TABLE ONLY public.auth_group_permissions
    ADD CONSTRAINT auth_group_permissions_group_id_b120cbf9_fk_auth_group_id FOREIGN KEY (group_id) REFERENCES public.auth_group(id) DEFERRABLE INITIALLY DEFERRED;


--
-- Name: auth_permission auth_permission_content_type_id_2f476e4b_fk_django_co; Type: FK CONSTRAINT; Schema: public; Owner: chess_user
--

ALTER TABLE ONLY public.auth_permission
    ADD CONSTRAINT auth_permission_content_type_id_2f476e4b_fk_django_co FOREIGN KEY (content_type_id) REFERENCES public.django_content_type(id) DEFERRABLE INITIALLY DEFERRED;


--
-- Name: django_admin_log django_admin_log_content_type_id_c4bce8eb_fk_django_co; Type: FK CONSTRAINT; Schema: public; Owner: chess_user
--

ALTER TABLE ONLY public.django_admin_log
    ADD CONSTRAINT django_admin_log_content_type_id_c4bce8eb_fk_django_co FOREIGN KEY (content_type_id) REFERENCES public.django_content_type(id) DEFERRABLE INITIALLY DEFERRED;


--
-- Name: django_admin_log django_admin_log_user_id_c564eba6_fk_api_user_id; Type: FK CONSTRAINT; Schema: public; Owner: chess_user
--

ALTER TABLE ONLY public.django_admin_log
    ADD CONSTRAINT django_admin_log_user_id_c564eba6_fk_api_user_id FOREIGN KEY (user_id) REFERENCES public.api_user(id) DEFERRABLE INITIALLY DEFERRED;


--
-- PostgreSQL database dump complete
--

\unrestrict 8trtu0NavecLcMcYxvrj7oey8zgeFA8zqbitIuYqHkEW6sPeIuAdH5hXv7aBgPp

